{"height":238424,"timestamp":"1576652303","miner":"SiaMining","mineraddress":"2b37c0605d83cb4ba38d32b12d6c7b705ac06f9a7e78e3ec8bed4c119a866824cc03f1746378","difficulty":2484398697072104000,"totalcoins":4.31043789e+34,"hashrate":4132922698250468,"transactioncount":"11429644","contractcount":"1030589","contractcost":7.018190392826439e+31,"contractsize":6629039714605594,"activecontractcount":50928,"activecontractcost":3.47720142523042e+30,"activecontractsize":506773475688448,"feecount":4531517,"newtx":65,"newcontracts":18}