{"height":153183,"timestamp":1525497055,"miner":"F2pool","mineraddress":"dc0cb4f6cd8003ebf3d86cf0d9a5bbdf1e517c243238d26fd46709835a59c87338a380992d84","difficulty":24700299062153390000,"nonce":[190,77,43,26,0,0,0,0],"totalcoins":3.4222607664e+34,"hashrate":41116900484768880,"transactioncount":8455570,"contractcount":728964,"contractcost":5.795275970171815e+31,"contractsize":907110965844506,"activecontractcount":59483,"activecontractcost":2.5039859708421625e+30,"activecontractsize":146981347393536,"feecount":3226449,"newtx":48,"newcontracts":1}